rtp_ts,send_ms,recv_ms,latency_ms
4170251934,494,1483,-11
4170255084,511,1494,-17
4170258234,544,1535,-9
4170261384,579,1560,-19
4170264534,615,1594,-21
4170267684,650,1630,-20
4170270834,685,1662,-23
4170273984,720,1700,-20
4170277134,755,1735,-20
4170280284,790,1771,-19
4170283434,825,1808,-17
4170286494,860,1843,-17
4170289644,895,1880,-15
4170292794,930,1917,-13
4170295944,965,1954,-11
4170299094,999,1987,-12
4170302244,1034,2023,-11
4170305394,1069,2058,-11
4170308544,1104,2093,-11
4170311694,1139,2129,-10
4170314844,1174,2166,-8
4170317994,1209,2202,-7
4170321144,1243,2235,-8
4170324294,1278,2269,-9
4170327444,1313,2304,-9
4170330594,1348,2338,-10
4170333744,1383,2373,-10
4170336894,1418,2408,-10
4170340044,1453,2444,-9
4170343194,1489,2482,-7
4170346344,1525,2521,-4
4170349494,1560,2558,-2
4170352644,1596,2602,6
4170355794,1631,2640,9
4170358854,1666,2675,9
4170362004,1701,2710,9
4170365154,1736,2747,11
4170368304,1771,2783,12
4170371454,1805,2820,15
4170374604,1840,2856,16
4170377754,1875,2893,18
4170380904,1910,2929,19
4170384054,1945,2965,20
4170387204,1981,3001,20
4170390354,2016,3039,23
4170393504,2051,3076,25
4170396654,2086,3113,27
4170399804,2121,3150,29
4170402954,2155,3186,31
4170406104,2190,3221,31
4170409254,2225,3257,32
4170412404,2260,3293,33
4170415554,2295,3330,35
4170418704,2329,3364,35
4170421854,2365,3401,36
4170425004,2400,3437,37
4170428154,2435,3472,37
4170431304,2470,3506,36
4170434454,2504,3540,36
4170437604,2539,3576,37
4170440754,2574,3610,36
4170443904,2609,3646,37
4170447054,2644,3680,36
4170450204,2679,3715,36
4170453354,2714,3749,35
4170456504,2749,3785,36
4170459654,2784,3818,34
4170462804,2819,3852,33
4170465954,2854,3887,33
4170469104,2889,3922,33
4170472254,2924,3955,31
4170475404,2959,3991,32
4170478554,2994,4025,31
4170481704,3029,4060,31
4170484854,3064,4095,31
4170488004,3099,4129,30
4170491154,3133,4163,30
4170494304,3169,4198,29
4170497454,3204,4233,29
4170500604,3239,4268,29
4170503754,3273,4302,29
4170506904,3309,4339,30
4170510054,3345,4373,28
4170513204,3379,4407,28
4170516354,3414,4443,29
4170519504,3450,4476,26
4170522654,3484,4512,28
4170525804,3519,4547,28
4170528954,3555,4581,26
4170532104,3589,4616,27
4170535254,3625,4652,27
4170538404,3659,4687,28
4170541554,3695,4723,28
4170544704,3730,4756,26
4170547854,3765,4792,27
4170551004,3799,4827,28
4170554154,3835,4860,25
4170557304,3869,4897,28
4170560454,3904,4931,27
4170563604,3940,4966,26
4170566754,3974,5001,27
4170569904,4009,5034,25
4170573054,4044,5067,23
4170576204,4078,5101,23
4170579354,4114,5137,23
4170582504,4148,5172,24
4170585654,4184,5211,27
4170588804,4218,5245,27
4170591954,4253,5278,25
4170595104,4288,5313,25
4170598254,4323,5347,24
4170601404,4358,5381,23
4170604464,4392,5414,22
4170607614,4427,5448,21
4170610764,4462,5483,21
4170613914,4497,5516,19
4170617064,4533,5554,21
4170620214,4568,5586,18
4170623454,4603,5621,18
4170626514,4639,5657,18
4170629664,4673,5693,20
4170632814,4709,5727,18
4170635964,4744,5764,20
4170639114,4778,5799,21
4170642264,4813,5833,20
4170645414,4848,5868,20
4170648564,4883,5903,20
4170651714,4918,5938,20
4170654864,4953,5971,18
4170658014,4988,6007,19
4170661164,5023,6041,18
4170664314,5058,6077,19
4170667464,5092,6111,19
4170670614,5128,6147,19
4170673764,5163,6183,20
4170676914,5198,6216,18
4170680064,5233,6251,18
4170683214,5268,6286,18
4170686364,5303,6320,17
4170689514,5338,6356,18
4170692664,5373,6391,18
4170695814,5408,6426,18
4170698964,5444,6461,17
4170702114,5478,6499,21
4170705264,5514,6536,22
4170708414,5549,6572,23
4170711474,5584,6607,23
4170714624,5619,6644,25
4170717774,5654,6678,24
4170720924,5689,6715,26
4170724074,5723,6747,24
4170727224,5757,6782,25
4170730374,5792,6817,25
4170733524,5827,6852,25
4170736674,5862,6888,26
4170739824,5898,6923,25
4170742974,5933,6960,27
4170746124,5967,6997,30
4170749274,6002,7033,31
4170752424,6037,7069,32
4170755574,6072,7104,32
4170758724,6107,7136,29
4170761874,6142,7170,28
4170765024,6178,7206,28
4170768174,6212,7241,29
4170771324,6246,7277,31
4170774474,6281,7311,30
4170777624,6317,7347,30
4170780774,6352,7381,29
4170783924,6387,7415,28
4170787074,6422,7453,31
4170790224,6456,7486,30
4170793374,6491,7521,30
4170796524,6527,7559,32
4170799674,6562,7594,32
4170802824,6598,7629,31
4170805974,6632,7663,31
4170809124,6668,7698,30
4170812274,6703,7735,32
4170815424,6738,7769,31
4170818574,6773,7803,30
4170821724,6807,7838,31
4170824874,6843,7871,28
4170828024,6877,7905,28
4170831174,6911,7939,28
4170834324,6946,7974,28
4170837474,6981,8009,28
4170840624,7016,8043,27
4170843774,7051,8078,27
4170846924,7086,8113,27
4170850074,7125,8154,29
4170853224,7160,8187,27
4170856374,7195,8219,24
4170859524,7231,8257,26
4170862674,7266,8292,26
4170865824,7300,8326,26
4170868974,7336,8363,27
4170872124,7371,8398,27
4170875274,7406,8433,27
4170878424,7441,8468,27
4170881574,7475,8503,28
4170884724,7511,8537,26
4170887874,7544,8571,27
4170891024,7578,8605,27
4170894174,7618,8728,110
4170897324,7648,8749,101
4170900474,7685,8825,140
4170903624,7722,8900,178
4170906864,7758,8980,222
4170910104,7794,9059,265
4170913254,7829,9141,312
4170916404,7864,9212,348
4170919554,7897,9260,363
4170922704,7932,9307,375
4170925854,7966,9346,380
4170929004,8002,9460,458
4170932154,8035,9473,438
4170935214,8070,9502,432
4170938364,8106,9527,421
4170941514,8140,9555,415
4170944664,8174,9572,398
4170947814,8210,9591,381
4170950964,8245,9609,364
4170954114,8280,9636,356
4170957174,8314,9657,343
4170960324,8349,9679,330
4170963474,8384,9767,383
4170966624,8419,9786,367
4170969774,8454,9804,350
4170972924,8488,9824,336
4170976074,8524,9852,328
4170979224,8560,9886,326
4170982284,8594,9915,321
4170985434,8629,9956,327
4170988584,8664,9996,332
4170991734,8698,10023,325
4170994884,8733,10053,320
4170998034,8768,10090,322
4171001184,8803,10122,319
4171004334,8837,10154,317
4171007394,8872,10182,310
4171010544,8908,10214,306
4171013694,8941,10241,300
4171016844,8976,10268,292
4171019994,9011,10291,280
4171023144,9045,10314,269
4171026294,9081,10339,258
4171029354,9116,10376,260
4171032504,9151,10398,247
4171035654,9185,10432,247
4171038804,9220,10470,250
4171041954,9255,10506,251
4171045104,9290,10543,253
4171048254,9325,10579,254
4171051404,9361,10616,255
4171054554,9394,10650,256
4171057614,9430,10686,256
4171060764,9464,10720,256
4171063914,9499,10756,257
4171067064,9534,10792,258
4171070214,9568,10826,258
4171073364,9608,10872,264
4171076514,9639,10894,255
4171079574,9674,10929,255
4171082724,9709,10964,255
4171085874,9744,11000,256
4171089024,9779,11034,255
4171092174,9814,11069,255
4171095324,9849,11105,256
4171098474,9884,11141,257
4171101624,9919,11174,255
4171104774,9955,11207,252
4171107924,9989,11241,252
4171111074,10024,11272,248
4171114224,10059,11303,244
4171117374,10094,11337,243
4171120524,10133,11369,236
4171123674,10164,11402,238
4171126824,10199,11440,241
4171130244,10241,11474,233
4171133394,10271,11506,235
4171136544,10307,11544,237
4171139694,10341,11573,232
4171142844,10376,11610,234
4171145994,10412,11643,231
4171149144,10446,11677,231
4171152294,10482,11710,228
4171155444,10517,11744,227
4171158594,10552,11777,225
4171161744,10587,11810,223
4171164894,10622,11844,222
4171168044,10657,11876,219
4171171194,10692,11909,217
4171174344,10725,11942,217
4171177494,10761,11978,217
4171180644,10796,12012,216
4171183794,10832,12045,213
4171186944,10867,12080,213
4171190094,10902,12112,210
4171193154,10937,12146,209
4171196304,10971,12180,209
4171199454,11007,12211,204
4171202604,11042,12247,205
4171205754,11077,12283,206
4171208904,11112,12315,203
4171212054,11147,12348,201
4171215204,11181,12385,204
4171218354,11215,12417,202
4171221504,11252,12452,200
4171224654,11285,12483,198
4171227804,11321,12516,195
4171230954,11356,12554,198
4171234104,11389,12584,195
4171237254,11425,12622,197
4171240404,11459,12654,195
4171243554,11494,12687,193
4171246704,11529,12722,193
4171249854,11568,12765,197
4171253004,11598,12784,186
4171256154,11634,12823,189
4171259304,11670,12860,190
4171262454,11705,12895,190
4171265604,11740,12930,190
4171268754,11775,12963,188
4171271904,11809,12995,186
4171275054,11844,13031,187
4171278204,11881,13065,184
4171281354,11915,13099,184
4171284414,11950,13132,182
4171287564,11985,13168,183
4171290714,12021,13200,179
4171293864,12055,13235,180
4171297014,12090,13269,179
4171300164,12125,13301,176
4171303314,12160,13334,174
4171306464,12195,13369,174
4171309614,12230,13404,174
4171312764,12264,13437,173
4171315914,12299,13471,172
4171319064,12334,13505,171
4171322214,12369,13539,170
4171325364,12404,13573,169
4171328514,12439,13607,168
4171331664,12475,13641,166
4171334814,12510,13677,167
4171337964,12545,13711,166
4171341114,12579,13744,165
4171344264,12613,13780,167
4171347414,12651,13813,162
4171350564,12690,13846,156
4171354254,12727,13888,161
4171357494,12760,13923,163
